{"stats":{"minecraft:mined":{"minecraft:birch_log":1,"minecraft:birch_leaves":15},"minecraft:custom":{"minecraft:jump":15,"minecraft:time_since_rest":795,"minecraft:leave_game":1,"minecraft:sprint_one_cm":307,"minecraft:play_time":795,"minecraft:damage_taken":20,"minecraft:time_since_death":795,"minecraft:walk_one_cm":1540,"minecraft:total_world_time":795,"minecraft:fall_one_cm":482,"minecraft:fly_one_cm":378},"minecraft:used":{"minecraft:birch_log":1},"minecraft:picked_up":{"minecraft:birch_log":1}},"DataVersion":3463}