{"stats":{"minecraft:used":{"minecraft:birch_log":1,"minecraft:sand":2},"minecraft:custom":{"minecraft:jump":41,"minecraft:walk_on_water_one_cm":849,"minecraft:leave_game":2,"minecraft:play_time":6303,"minecraft:sprint_one_cm":4309,"minecraft:damage_taken":40,"minecraft:time_since_death":6303,"minecraft:walk_one_cm":4568,"minecraft:walk_under_water_one_cm":580,"minecraft:total_world_time":6303,"minecraft:swim_one_cm":7121,"minecraft:fall_one_cm":1384,"minecraft:fly_one_cm":5048,"minecraft:time_since_rest":6303},"minecraft:mined":{"minecraft:birch_log":1,"minecraft:birch_leaves":20,"minecraft:sand":2},"minecraft:picked_up":{"minecraft:birch_log":1,"minecraft:sand":2}},"DataVersion":3463}